{
  "project_info": {
    "project_number": "512981625751",
    "firebase_url": "https://newsdb2-3cff5.firebaseio.com",
    "project_id": "newsdb2-3cff5",
    "storage_bucket": "newsdb2-3cff5.appspot.com"
  },
  "client": [
    {
      "client_info": {
        "mobilesdk_app_id": "1:512981625751:android:7d3d7a69fc25db3e",
        "android_client_info": {
          "package_name": "com.example.personal.googlenewsdb"
        }
      },
      "oauth_client": [
        {
          "client_id": "512981625751-kapocm7sogc3bj5o5cft0ocbbr1mchp3.apps.googleusercontent.com",
          "client_type": 1,
          "android_info": {
            "package_name": "com.example.personal.googlenewsdb",
            "certificate_hash": "280d3ab356aa215ea6e8e747124d63d6f084c79b"
          }
        },
        {
          "client_id": "512981625751-kudv2eqv36bnut9rnol0cj4a8fe4cq25.apps.googleusercontent.com",
          "client_type": 1,
          "android_info": {
            "package_name": "com.example.personal.googlenewsdb",
            "certificate_hash": "2a7b46dd41be2ef131765803030451a6144bca71"
          }
        },
        {
          "client_id": "512981625751-egiloo10gpebrej6n75q9iol1o7kh2kr.apps.googleusercontent.com",
          "client_type": 3
        }
      ],
      "api_key": [
        {
          "current_key": "AIzaSyBdnKyO6PJ-bU8AhytNuF1cojBFTHaUc0E"
        }
      ],
      "services": {
        "analytics_service": {
          "status": 1
        },
        "appinvite_service": {
          "status": 2,
          "other_platform_oauth_client": [
            {
              "client_id": "512981625751-egiloo10gpebrej6n75q9iol1o7kh2kr.apps.googleusercontent.com",
              "client_type": 3
            }
          ]
        },
        "ads_service": {
          "status": 2
        }
      }
    }
  ],
  "configuration_version": "1"
}